category,sales,profit,profit_margin_pct
Furniture,4110884.0,286782.2538,6.976169938144691
Office Supplies,3787330.0,518473.8343,13.689692588182176
Technology,4744691.0,663778.73318,13.989925438347829
